,Date,Adj Close
0,2016-01-04,10.097537081781537
1,2016-01-05,10.163467906425707
2,2016-01-06,8.453253825505335
3,2016-01-07,5.7917256160999715
4,2016-01-08,4.6546407657420215
5,2016-01-11,5.008146305443276
6,2016-01-12,5.806111970314029
7,2016-01-13,3.3317785602104166
8,2016-01-14,4.875748145566079
9,2016-01-15,2.2239896758330495
10,2016-01-19,2.4134894657552897
11,2016-01-20,0.7227486193448371
12,2016-01-21,1.5091098332418955
13,2016-01-22,2.9390682325810165
14,2016-01-25,1.5263376886653561
15,2016-01-26,3.4390800879104844
16,2016-01-27,1.9281355298022191
17,2016-01-28,2.7771687728307004
18,2016-01-29,5.467529295415761
19,2016-02-01,5.351405206417328
20,2016-02-02,3.3462245259585135
21,2016-02-03,4.588239668561254
22,2016-02-04,5.130297826593272
23,2016-02-05,3.6950472130657888
24,2016-02-08,2.488302476796877
25,2016-02-09,2.4023685267896573
26,2016-02-10,1.726561002804615
27,2016-02-11,0.0
28,2016-02-12,2.1274050593967946
29,2016-02-16,3.6369917849110256
30,2016-02-17,5.382946551484331
31,2016-02-18,5.1089302556829574
32,2016-02-19,4.963516813657175
33,2016-02-22,6.514474242227326
34,2016-02-23,5.233386774235968
35,2016-02-24,5.594290811371765
36,2016-02-25,7.034211038021828
37,2016-02-26,6.645448338240699
38,2016-02-29,5.808006306714463
39,2016-03-01,8.172256299442669
40,2016-03-02,8.404491244750599
41,2016-03-03,8.706856341723585
42,2016-03-04,9.133267296247023
43,2016-03-07,9.58891461199946
44,2016-03-08,8.84385786310605
45,2016-03-09,9.089790309944924
46,2016-03-10,9.054327815972512
47,2016-03-11,10.534135063498127
48,2016-03-14,10.641436584415674
49,2016-03-15,10.793354350865377
50,2016-03-16,11.296823702299335
51,2016-03-17,12.353068109464118
52,2016-03-18,13.172467590080004
53,2016-03-21,13.318755339126731
54,2016-03-22,13.038645373121502
55,2016-03-23,12.496176554086885
56,2016-03-24,12.585303054772027
57,2016-03-28,12.718648379458198
58,2016-03-29,13.381427375040698
59,2016-03-30,13.948111892713245
60,2016-03-31,13.733985743150468
61,2016-04-01,14.46419248502893
62,2016-04-04,14.086067212205396
63,2016-04-05,13.179382582289001
64,2016-04-06,13.943978796962092
65,2016-04-07,12.763211633192025
66,2016-04-08,13.000599696848052
67,2016-04-11,12.86121368697386
68,2016-04-12,13.979242583560186
69,2016-04-13,15.247771802468147
70,2016-04-14,15.370877121727847
71,2016-04-15,15.174396108326832
72,2016-04-18,15.898085272744913
73,2016-04-19,16.233409158912995
74,2016-04-20,16.522818592053966
75,2016-04-21,15.751307385171875
76,2016-04-22,15.895303383069557
77,2016-04-25,15.715500468249152
78,2016-04-26,15.804216314714232
79,2016-04-27,16.151687788963162
80,2016-04-28,14.721994335050603
81,2016-04-29,14.334582841345306
82,2016-05-02,15.13166095294116
83,2016-05-03,14.180413069290932
84,2016-05-04,13.5045326943004
85,2016-05-05,13.568635420596408
86,2016-05-06,14.11069357184592
87,2016-05-09,13.875199844590325
88,2016-05-10,15.383899016829632
89,2016-05-11,13.910529869240687
90,2016-05-12,13.97415569648184
91,2016-05-13,12.71817148718586
92,2016-05-16,13.907761225819307
93,2016-05-17,12.681953909260555
94,2016-05-18,12.659155647968195
95,2016-05-19,12.04046300706467
96,2016-05-20,12.484982750550735
97,2016-05-23,12.430656390445321
98,2016-05-24,13.876153635917515
99,2016-05-25,14.862731544218105
100,2016-05-26,14.705236752163778
101,2016-05-27,15.009986324063473
102,2016-05-31,14.4265442235041
103,2016-06-01,14.443301806390949
104,2016-06-02,14.774903257810465
105,2016-06-03,14.561254000520035
106,2016-06-06,15.329506418671926
107,2016-06-07,15.451247285601882
108,2016-06-08,15.904125951150446
109,2016-06-09,15.769416174134507
110,2016-06-10,14.956534270979011
111,2016-06-13,14.05541342041329
112,2016-06-14,13.664332483757743
113,2016-06-15,13.429315648774484
114,2016-06-16,14.059612747434224
115,2016-06-17,13.666637474378247
116,2016-06-20,14.54639075403362
117,2016-06-21,14.715013111571826
118,2016-06-22,14.383345422100039
119,2016-06-23,15.944953523881733
120,2016-06-24,11.80544617208141
121,2016-06-27,10.038534488817842
122,2016-06-28,11.866290109647212
123,2016-06-29,13.799029014519714
124,2016-06-30,15.395026582313518
125,2016-07-01,15.526464331127796
126,2016-07-05,14.788865704767993
127,2016-07-06,15.317901960915718
128,2016-07-07,15.163679197063018
129,2016-07-08,16.865136947954777
130,2016-07-11,17.40902321111746
131,2016-07-12,18.227945792678486
132,2016-07-13,18.393773014287397
133,2016-07-14,19.304603986208924
134,2016-07-15,19.373382938580693
135,2016-07-18,19.485294454304245
136,2016-07-19,19.66136168812211
137,2016-07-20,19.90566473720465
138,2016-07-21,19.377992933386672
139,2016-07-22,19.741665613943876
140,2016-07-25,19.214060048178197
141,2016-07-26,19.0830859521648
142,2016-07-27,19.072369047683505
143,2016-07-28,18.965067519983442
144,2016-07-29,18.80154529577752
145,2016-08-01,18.613462949983354
146,2016-08-02,17.998015844773573
147,2016-08-03,18.277662164760414
148,2016-08-04,18.257659039397357
149,2016-08-05,19.55636515782506
150,2016-08-08,19.45978054138881
151,2016-08-09,19.485294454304245
152,2016-08-10,19.231691938085998
153,2016-08-11,20.031075047084844
154,2016-08-12,19.779790774523534
155,2016-08-15,20.183893613063415
156,2016-08-16,19.613950306660684
157,2016-08-17,19.762622530634125
158,2016-08-18,19.923773526167274
159,2016-08-19,19.617685994445715
160,2016-08-22,19.460668094663728
161,2016-08-23,19.58194530879277
162,2016-08-24,19.135517982652303
163,2016-08-25,18.91121805215036
164,2016-08-26,18.551678467344306
165,2016-08-29,19.281408310167922
166,2016-08-30,18.95117131107818
167,2016-08-31,18.58884982981429
168,2016-09-01,18.713783247422157
169,2016-09-02,19.206601932427088
170,2016-09-06,19.519670687627414
171,2016-09-07,19.438426209949924
172,2016-09-08,19.12486730944078
173,2016-09-09,16.449429651658686
174,2016-09-12,18.07466358068153
175,2016-09-13,16.32260189765041
176,2016-09-14,16.105693851629805
177,2016-09-15,17.31102115055311
178,2016-09-16,16.709549738554824
179,2016-09-19,16.684923378914302
180,2016-09-20,16.751331102613303
181,2016-09-21,17.861888630412054
182,2016-09-22,18.53174158003352
183,2016-09-23,17.643152486043288
184,2016-09-26,16.513055478899837
185,2016-09-27,17.418322671470683
186,2016-09-28,18.17077129806293
187,2016-09-29,16.84281558571725
188,2016-09-30,17.95990393723035
189,2016-10-03,17.591608008830704
190,2016-10-04,17.012378488328693
191,2016-10-05,17.775954680404844
192,2016-10-06,17.690974521724804
193,2016-10-07,17.500997832747707
194,2016-10-10,18.101581691471104
195,2016-10-11,16.742508527749926
196,2016-10-12,16.84790247279559
197,2016-10-13,16.540927381016594
198,2016-10-14,16.80843935239407
199,2016-10-17,16.455880991066802
200,2016-10-18,16.968225895597445
201,2016-10-19,17.244136534581777
202,2016-10-20,16.9710077852728
203,2016-10-21,16.858155731258517
204,2016-10-24,17.382568746346287
205,2016-10-25,17.017942267679402
206,2016-10-26,17.221828411815697
207,2016-10-27,17.020724164137242
208,2016-10-28,16.963139008519107
209,2016-10-31,16.835834362238494
210,2016-11-01,16.12149764318944
211,2016-11-02,15.596130836774485
212,2016-11-03,15.39963657711952
213,2016-11-04,15.112121480378985
214,2016-11-07,17.630607476431333
215,2016-11-08,18.12668494338396
216,2016-11-09,19.86944715927934
217,2016-11-10,21.34933388432868
218,2016-11-11,21.619137606855197
219,2016-11-14,21.761769152423106
220,2016-11-15,22.13054197309512
221,2016-11-16,21.75804671767453
222,2016-11-17,22.000044776136576
223,2016-11-18,21.75661603407501
224,2016-11-21,22.35863056961541
225,2016-11-22,22.814277885367872
226,2016-11-23,23.216552625559586
227,2016-11-25,23.684281291340604
228,2016-11-28,23.316396030726022
229,2016-11-29,23.477136358474088
230,2016-11-30,23.490568921360964
231,2016-12-01,23.954151251919388
232,2016-12-02,23.808260917621283
233,2016-12-05,24.119037921672557
234,2016-12-06,24.36008218880741
235,2016-12-07,26.380185727286644
236,2016-12-08,26.82234748835391
237,2016-12-09,27.78572971383101
238,2016-12-12,28.05418223706423
239,2016-12-13,28.832687913679038
240,2016-12-14,28.027727772293055
241,2016-12-15,28.432718164107822
242,2016-12-16,28.37282801786921
243,2016-12-19,28.641757433374764
244,2016-12-20,29.26275507168128
245,2016-12-21,29.041250283891124
246,2016-12-22,28.884709276381464
247,2016-12-23,28.985970125675998
248,2016-12-27,29.062127716275153
249,2016-12-28,28.30683096195529
250,2016-12-29,28.21255133613953
251,2016-12-30,27.824729181431646
252,2017-01-03,28.632934865293873
253,2017-01-04,29.042601483184434
254,2017-01-05,28.751827604496217
255,2017-01-06,29.18937937075747
256,2017-01-09,28.671060019091037
257,2017-01-10,28.45502628687391
258,2017-01-11,29.12479975218913
259,2017-01-12,28.69560690120784
260,2017-01-13,28.65986622233739
261,2017-01-17,28.259962710818463
262,2017-01-18,28.110416179824014
263,2017-01-19,27.6199024990046
264,2017-01-20,28.263221499548642
265,2017-01-23,28.077377906322702
266,2017-01-24,28.84286168783573
267,2017-01-25,29.8995697478014
268,2017-01-26,30.119325914767124
269,2017-01-27,30.07096074876101
270,2017-01-30,29.23909574283939
271,2017-01-31,28.51308833476435
272,2017-02-01,28.695196240205256
273,2017-02-02,28.65430243620421
274,2017-02-03,29.91958611941843
275,2017-02-06,29.790440121753196
276,2017-02-07,30.047288180447673
277,2017-02-08,29.80346202363748
278,2017-02-09,30.604209584966092
279,2017-02-10,31.26190169347025
280,2017-02-13,32.230384052279675
281,2017-02-14,32.856071162915924
282,2017-02-15,33.584847221194835
283,2017-02-16,33.63849798165362
284,2017-02-17,33.66753562872583
285,2017-02-21,34.47431062220602
286,2017-02-22,34.69541799524756
287,2017-02-23,34.930911729285675
288,2017-02-24,35.00850000348436
289,2017-02-27,35.11484773307471
290,2017-02-28,34.94393362438746
291,2017-03-01,37.00114229406692
292,2017-03-02,36.23756610199077
293,2017-03-03,36.25615179000828
294,2017-03-06,35.90772651764964
295,2017-03-07,35.70709916224352
296,2017-03-08,35.2389068436616
297,2017-03-09,35.255584942242216
298,2017-03-10,35.559380729597244
299,2017-03-13,35.4135566333514
300,2017-03-14,35.11437084080238
301,2017-03-15,35.87896705547547
302,2017-03-16,35.773506879160024
303,2017-03-17,35.63832020987176
304,2017-03-20,35.578906955905474
305,2017-03-21,33.96568815242394
306,2017-03-22,33.920184353616904
307,2017-03-23,33.88816610949501
308,2017-03-24,33.48216893455472
309,2017-03-27,33.171935060828055
310,2017-03-28,34.19283620387101
311,2017-03-29,33.90675179751252
312,2017-03-30,34.37589790063911
313,2017-03-31,33.933206255501176
314,2017-04-03,33.844967314873465
315,2017-04-04,34.10968414353913
316,2017-04-05,33.830991621661965
317,2017-04-06,33.93136491089907
318,2017-04-07,33.884907320764825
319,2017-04-10,33.89792922264914
320,2017-04-11,33.852359192572315
321,2017-04-12,33.44919689910568
322,2017-04-13,32.50907658093932
323,2017-04-17,33.75482078480887
324,2017-04-18,32.9840514156257
325,2017-04-19,32.17836268279473
326,2017-04-20,33.360017413404734
327,2017-04-21,33.150090590862874
328,2017-04-24,34.61600162270071
329,2017-04-25,36.19109527238508
330,2017-04-26,36.04846372681714
331,2017-04-27,36.090788214417735
332,2017-04-28,35.813923790888744
333,2017-05-01,35.630464679372025
334,2017-05-02,35.87754961812989
335,2017-05-03,35.93187598501783
336,2017-05-04,35.88826652261118
337,2017-05-05,36.264484212780324
338,2017-05-08,36.300701790705645
339,2017-05-09,36.05313995289293
340,2017-05-10,35.831555680796534
341,2017-05-11,35.670881584318245
342,2017-05-12,35.51616868193924
343,2017-05-15,36.09492131016889
344,2017-05-16,36.080071309936436
345,2017-05-17,33.5514115397274
346,2017-05-18,33.93184180317143
347,2017-05-19,34.89374036003318
348,2017-05-22,35.50410057138212
349,2017-05-23,35.79629189419844
350,2017-05-24,36.30165558203283
351,2017-05-25,36.780021674771405
352,2017-05-26,36.76191288580878
353,2017-05-30,36.417302778758895
354,2017-05-31,36.276088677319066
355,2017-06-01,37.19531831684744
356,2017-06-02,37.616576153022756
357,2017-06-05,37.465665169698575
358,2017-06-06,37.14140261096206
359,2017-06-07,37.39546877319871
360,2017-06-08,37.45542515748961
361,2017-06-09,38.06206293408996
362,2017-06-12,37.81585230235307
363,2017-06-13,38.445275093991825
364,2017-06-14,38.7578802031738
365,2017-06-15,38.65844745900993
366,2017-06-16,38.823797781564004
367,2017-06-19,39.80530204225771
368,2017-06-20,39.38580607316077
369,2017-06-21,38.9984475712538
370,2017-06-22,38.912036728974215
371,2017-06-23,38.89488173133877
372,2017-06-26,38.99520202877756
373,2017-06-27,38.32447477213515
374,2017-06-28,39.30081266822678
375,2017-06-29,38.164198090405456
376,2017-06-30,38.588794192834676
377,2017-07-03,39.46807057343523
378,2017-07-05,39.460612457684114
379,2017-07-06,38.38808735990485
380,2017-07-07,39.027683925700295
381,2017-07-10,38.988207559044845
382,2017-07-11,38.99194324682987
383,2017-07-12,39.826669619950536
384,2017-07-13,39.968758035193844
385,2017-07-14,40.542900668617506
386,2017-07-17,40.48850807045979
387,2017-07-18,40.11553592276688
388,2017-07-19,40.56331445498315
389,2017-07-20,40.36682019532819
390,2017-07-21,40.15175350069218
391,2017-07-24,39.698000521340155
392,2017-07-25,40.378013998864326
393,2017-07-26,41.03985244937359
394,2017-07-27,41.620035761202786
395,2017-07-28,41.84901191778052
396,2017-07-31,42.26144718587496
397,2017-08-01,42.755219655424575
398,2017-08-02,43.11008301415485
399,2017-08-03,43.17695438387222
400,2017-08-04,43.62942239520073
401,2017-08-07,43.80311839356333
402,2017-08-08,43.57875223179159
403,2017-08-09,43.33023660265168
404,2017-08-10,41.9419270912665
405,2017-08-11,42.038988606757606
406,2017-08-14,42.95727770121274
407,2017-08-15,42.99308461135294
408,2017-08-16,43.1686087148462
409,2017-08-17,41.309258757151476
410,2017-08-18,40.79229061156089
411,2017-08-21,40.990612969564
412,2017-08-22,42.32093991736495
413,2017-08-23,41.725429706248455
414,2017-08-24,41.53084302924787
415,2017-08-25,41.736146610729776
416,2017-08-28,41.70040593185932
417,2017-08-29,42.086797396185155
418,2017-08-30,42.27033599200811
419,2017-08-31,42.64791812772451
420,2017-09-01,42.91556257520653
421,2017-09-05,41.32675817773725
422,2017-09-06,41.6952528067287
423,2017-09-07,41.54019548139941
424,2017-09-08,41.62843442880963
425,2017-09-11,43.38904048824108
426,2017-09-12,43.80609899061297
427,2017-09-13,44.072789646767816
428,2017-09-14,44.380042923444826
429,2017-09-15,44.81995267890739
430,2017-09-18,45.24731742475802
431,2017-09-19,45.51489563418777
432,2017-09-20,45.79833062697546
433,2017-09-21,45.43641980671414
434,2017-09-22,45.3710321123946
435,2017-09-25,45.0081675008061
436,2017-09-26,44.928340467256696
437,2017-09-27,45.31081078945965
438,2017-09-28,45.585423207383954
439,2017-09-29,45.747461756192024
440,2017-10-02,46.781861693391626
441,2017-10-03,47.352069945220954
442,2017-10-04,47.4875215599358
443,2017-10-05,48.259032766817896
444,2017-10-06,48.247362071009405
445,2017-10-09,48.16190502005703
446,2017-10-10,48.63403172701578
447,2017-10-11,48.92032808700254
448,2017-10-12,48.70409564741108
449,2017-10-13,48.91239307219657
450,2017-10-16,49.490536338831866
451,2017-10-17,49.7650825187039
452,2017-10-18,50.85137135606641
453,2017-10-19,50.888264540420856
454,2017-10-20,52.01139356355697
455,2017-10-23,51.640593943945035
456,2017-10-24,52.77869219716421
457,2017-10-25,52.01702358774245
458,2017-10-26,52.50128463652808
459,2017-10-27,52.72734642732593
460,2017-10-30,52.147785723345066
461,2017-10-31,52.34108743232212
462,2017-11-01,52.73291021345911
463,2017-11-02,53.28398964694632
464,2017-11-03,53.43951061829401
465,2017-11-06,53.502116422938215
466,2017-11-07,53.561874099854776
467,2017-11-08,53.603443503502504
468,2017-11-09,52.915561249224616
469,2017-11-10,52.64610195643093
470,2017-11-13,52.76471650395271
471,2017-11-14,52.55969110736884
472,2017-11-15,51.62240567067617
473,2017-11-16,52.89127931253441
474,2017-11-17,52.21221962633742
475,2017-11-20,52.70117015423526
476,2017-11-21,53.789763989000775
477,2017-11-22,53.35127167766629
478,2017-11-24,53.5670272182029
479,2017-11-27,53.72159440500589
480,2017-11-28,55.45745488172875
481,2017-11-29,56.162624602964115
482,2017-11-30,58.412181183510924
483,2017-12-01,58.13572742098449
484,2017-12-04,58.53223966766872
485,2017-12-05,57.79016352260744
486,2017-12-06,57.520690976777274
487,2017-12-07,57.99933526119639
488,2017-12-08,58.797499633441475
489,2017-12-11,59.18321549812068
490,2017-12-12,59.98878500110104
491,2017-12-13,60.53565186131339
492,2017-12-14,60.01496127419168
493,2017-12-15,60.98540420745378
494,2017-12-18,61.938069535232096
495,2017-12-19,61.684069604265225
496,2017-12-20,61.49348355369375
497,2017-12-21,61.87085374256442
498,2017-12-22,61.67939337818946
499,2017-12-26,61.626153278733256
500,2017-12-27,61.81667309125247
501,2017-12-28,62.245389049961396
502,2017-12-29,61.44309157518265
503,2018-01-02,62.153825082551215
504,2018-01-03,62.82305541754183
505,2018-01-04,63.85705793999281
506,2018-01-05,65.35421889252818
507,2018-01-08,65.26693373644514
508,2018-01-09,65.96418168912851
509,2018-01-10,65.85111767470346
510,2018-01-11,67.24560034059871
511,2018-01-12,68.79512707878679
512,2018-01-16,68.7250631583915
513,2018-01-17,70.91439842278585
514,2018-01-18,70.25079810519821
515,2018-01-19,70.61644460646205
516,2018-01-22,71.58552308739439
517,2018-01-23,71.5598237133586
518,2018-01-24,71.8399999174161
519,2018-01-25,72.79409592879395
520,2018-01-26,74.31284965212188
521,2018-01-29,73.11078114192873
522,2018-01-30,70.65150968568584
523,2018-01-31,71.14324210325906
524,2018-02-01,71.39636772720495
525,2018-02-02,66.88090763066207
526,2018-02-05,58.91002051754193
527,2018-02-06,62.75583961809165
528,2018-02-07,62.6241236843793
529,2018-02-08,55.61853963920963
530,2018-02-09,57.8597505507304
531,2018-02-12,60.64308585155298
532,2018-02-13,60.908822716380605
533,2018-02-14,62.625077475706505
534,2018-02-15,64.70648860455245
535,2018-02-16,64.83543588806087
536,2018-02-20,63.1083979862014
537,2018-02-21,61.975916504131234
538,2018-02-22,63.09300485564432
539,2018-02-23,65.44999543321322
540,2018-02-26,68.1581136952924
541,2018-02-27,66.12851198908562
542,2018-02-28,63.54552585198863
543,2018-03-01,60.69538541271843
544,2018-03-02,60.21436989962656
545,2018-03-05,62.498037774852456
546,2018-03-06,62.56151788651761
547,2018-03-07,62.00019844082145
548,2018-03-08,62.636748178297495
549,2018-03-09,65.62464522290303
550,2018-03-12,64.55890264122822
551,2018-03-13,63.39515799898907
552,2018-03-14,61.7069208573559
553,2018-03-15,62.49057965231884
554,2018-03-16,62.98468330534731
555,2018-03-19,60.70847354587253
556,2018-03-20,61.49768288071469
557,2018-03-21,61.192747847694605
558,2018-03-22,56.27935806033943
559,2018-03-23,53.398881759719515
560,2018-03-26,57.93910068522498
561,2018-03-27,55.59988771992237
562,2018-03-28,55.536871254275596
563,2018-03-29,57.26430657088368
564,2018-04-02,54.151674809262076
565,2018-04-03,56.79122607259772
566,2018-04-04,58.35758987797891
567,2018-04-05,59.991633128828646
568,2018-04-06,56.108907604453066
569,2018-04-09,56.42320833587863
570,2018-04-10,59.33223214504443
571,2018-04-11,57.84990795327006
572,2018-04-12,59.841265275829116
573,2018-04-13,59.00762516335764
574,2018-04-16,60.45161224770658
575,2018-04-17,61.90030204385669
576,2018-04-18,61.638764519614995
577,2018-04-19,61.07459694619122
578,2018-04-20,59.70485986978704
579,2018-04-23,59.6082090152985
580,2018-04-24,56.728633514207495
581,2018-04-25,57.13354442849855
582,2018-04-26,58.75124075746404
583,2018-04-27,58.67561305093554
584,2018-04-30,57.67153572883169
585,2018-05-01,57.23677909171725
586,2018-05-02,56.05614439726919
587,2018-05-03,56.09120947649298
588,2018-05-04,58.345442289898074
589,2018-05-07,58.98849635179805
590,2018-05-08,59.00810206241249
591,2018-05-09,60.244745506520616
592,2018-05-10,61.58083494104656
593,2018-05-11,62.20238895593164
594,2018-05-14,62.66522944200864
595,2018-05-15,61.356203833848255
596,2018-05-16,61.78024356648142
597,2018-05-17,61.407549603686526
598,2018-05-18,61.41507395748991
599,2018-05-21,63.4376149626942
600,2018-05-22,62.22436589521887
601,2018-05-23,62.579772391056274
602,2018-05-24,62.07073926027159
603,2018-05-25,61.67280956945931
604,2018-05-29,59.01650072323682
605,2018-05-30,61.0941894105517
606,2018-05-31,59.385406013230856
607,2018-06-01,60.87329399113843
608,2018-06-04,62.08382739342567
609,2018-06-05,61.9908459886699
610,2018-06-06,64.3403784504877
611,2018-06-07,64.98484994973326
612,2018-06-08,65.49434673331879
613,2018-06-11,65.5335581545477
614,2018-06-12,65.52284125006639
615,2018-06-13,64.7121186219554
616,2018-06-14,64.53652828719238
617,2018-06-15,63.96116691701494
618,2018-06-18,63.26250152020349
619,2018-06-19,61.3141575379282
620,2018-06-20,61.02650996508312
621,2018-06-21,59.69644796270873
622,2018-06-22,60.50486559341673
623,2018-06-25,58.279590942777645
624,2018-06-26,58.48515946968611
625,2018-06-27,57.36252058507627
626,2018-06-28,58.030333475938825
627,2018-06-29,58.40580932840904
628,2018-07-02,58.648416755247965
629,2018-07-03,57.75068716273447
630,2018-07-05,58.98456195663868
631,2018-07-06,59.66105170678859
632,2018-07-09,61.832198697914066
633,2018-07-10,62.80257539312393
634,2018-07-11,61.31577368264806
635,2018-07-12,62.838051133350284
636,2018-07-13,63.4791313745436
637,2018-07-16,63.78400017629389
638,2018-07-17,64.16064177371958
639,2018-07-18,64.69916295812338
640,2018-07-19,63.78495396762109
641,2018-07-20,63.74167568869329
642,2018-07-23,63.64787296193239
643,2018-07-24,64.98843991515979
644,2018-07-25,66.15611894577579
645,2018-07-26,66.92234456498774
646,2018-07-27,66.40680710299668
647,2018-07-30,65.42856162425062
648,2018-07-31,66.16351083025712
649,2018-08-01,65.61162332780124
650,2018-08-02,65.55966818958608
651,2018-08-03,66.48493850751996
652,2018-08-06,66.75352350007522
653,2018-08-07,67.61307494021071
654,2018-08-08,67.30677545486088
655,2018-08-09,66.80134553575671
656,2018-08-10,65.47136301090606
657,2018-08-13,64.62055465454522
658,2018-08-14,65.38169337989632
659,2018-08-15,64.4490311774811
660,2018-08-16,67.13708008292738
661,2018-08-17,67.88715748084688
662,2018-08-20,68.49330511213843
663,2018-08-21,68.92467049120069
664,2018-08-22,68.3231328411501
665,2018-08-23,67.80346229019038
666,2018-08-24,68.7080406300781
667,2018-08-27,70.46668612183936
668,2018-08-28,70.56421128334884
669,2018-08-29,70.97489793740137
670,2018-08-30,70.04128194365893
671,2018-08-31,69.89139098971421
672,2018-09-04,69.8076957990577
673,2018-09-05,69.96036864267778
674,2018-09-06,70.10198016564874
675,2018-09-07,69.56392263404585
676,2018-09-10,69.16057487945886
677,2018-09-11,69.93371547731479
678,2018-09-12,70.12267213691243
679,2018-09-13,71.12017889654008
680,2018-09-14,71.17904902018176
681,2018-09-17,70.55132185756909
682,2018-09-18,71.80501432249855
683,2018-09-19,72.88206993077758
684,2018-09-20,74.58597839464834
685,2018-09-21,75.172798507006
686,2018-09-24,73.94211625699718
687,2018-09-25,73.46842639711686
688,2018-09-26,72.74316081995823
689,2018-09-27,73.11382797703067
690,2018-09-28,73.23849644921194
691,2018-10-01,74.54684645772566
692,2018-10-02,75.37925458718938
693,2018-10-03,75.74857053818599
694,2018-10-04,74.38589416956681
695,2018-10-05,73.16212690498452
696,2018-10-08,73.43158620456074
697,2018-10-09,73.05034786536551
698,2018-10-10,67.40844695837548
699,2018-10-11,63.70580253371831
700,2018-10-12,65.65347091634698
701,2018-10-15,65.04684638600057
702,2018-10-16,68.76277765796861
703,2018-10-17,68.14054804343687
704,2018-10-18,65.92110211757503
705,2018-10-19,66.36122382666588
706,2018-10-22,65.50032117367208
707,2018-10-23,64.64585662061491
708,2018-10-24,60.5220205910522
709,2018-10-25,63.24269710221475
710,2018-10-26,61.23344294432136
711,2018-10-29,59.56907707837586
712,2018-10-30,62.49722969910124
713,2018-10-31,64.13262415602682
714,2018-11-01,65.92985844760365
715,2018-11-02,65.18439104449014
716,2018-11-05,66.47896406716669
717,2018-11-06,67.65444564326661
718,2018-11-07,71.35289073412034
719,2018-11-08,71.42695528094477
720,2018-11-09,70.05743015816888
721,2018-11-12,65.97353414806257
722,2018-11-13,65.29060630475847
723,2018-11-14,63.89347422529242
724,2018-11-15,65.30945693142004
725,2018-11-16,66.15015775167646
726,2018-11-19,63.46576504970898
727,2018-11-20,59.72318061237796
728,2018-11-21,59.71672927296985
729,2018-11-23,58.50442075735025
730,2018-11-26,60.90740527225253
731,2018-11-27,61.64324203831645
732,2018-11-28,65.83279693889503
733,2018-11-29,65.64566837764555
734,2018-11-30,66.99960166249008
735,2018-12-03,68.95275434694571
736,2018-12-04,63.53108651275876
737,2018-12-06,62.992552082101014
738,2018-12-07,59.203019916109426
739,2018-12-10,59.4357317536897
740,2018-12-11,59.07612592404888
741,2018-12-12,60.14117965982311
742,2018-12-13,60.61671087108803
743,2018-12-14,57.24667468097589
744,2018-12-17,53.80434905058915
745,2018-12-18,54.364992889856175
746,2018-12-19,51.97767969040902
747,2018-12-20,48.83018155693793
748,2018-12-21,46.020656736770775
749,2018-12-24,41.59052122185822
750,2018-12-26,48.95802934032567
751,2018-12-27,50.72400047851603
752,2018-12-28,50.2056811268496
753,2018-12-31,52.00345855553354
754,2019-01-02,52.130829433083925
755,2019-01-03,47.65423633481963
756,2019-01-04,52.72036520384717
757,2019-01-07,53.386336750107574
758,2019-01-08,55.12333647927795
759,2019-01-09,55.74508920153737
760,2019-01-10,56.5779874763099
761,2019-01-11,56.537491087057454
762,2019-01-14,55.95345286437513
763,2019-01-15,57.00982974764446
764,2019-01-16,57.970032668697634
765,2019-01-17,59.07517213272169
766,2019-01-18,61.35579317284567
767,2019-01-22,59.30836086935678
768,2019-01-23,60.46911166829233
769,2019-01-24,60.31732637116468
770,2019-01-25,61.56503114948689
771,2019-01-28,60.14763099923117
772,2019-01-29,60.498559976367126
773,2019-01-30,63.44826562912323
774,2019-01-31,63.345242919532815
775,2019-02-01,63.78082087186993
776,2019-02-04,64.97100673262631
777,2019-02-05,66.13861952519004
778,2019-02-06,65.99470301159857
779,2019-02-07,64.49731686596348
780,2019-02-08,64.06866714530679
781,2019-02-11,63.707696870118745
782,2019-02-12,66.23520414840878
783,2019-02-13,67.03221602195238
784,2019-02-14,66.3276556690939
785,2019-02-15,69.33813902814603
786,2019-02-19,69.39287605603654
787,2019-02-20,69.82098263958608
788,2019-02-21,69.11689917899996
789,2019-02-22,70.34575333066061
790,2019-02-25,70.75364484200131
791,2019-02-26,70.52325124807801
792,2019-02-27,70.02934630242386
793,2019-02-28,69.56026643056704
794,2019-03-01,70.30851573013838
795,2019-03-04,68.90677365586629
796,2019-03-05,68.8184684704038
797,2019-03-06,67.9152413365919
798,2019-03-07,66.55717495599622
799,2019-03-08,66.40124331686347
800,2019-03-11,67.76209158713448
801,2019-03-12,67.10947311945472
802,2019-03-13,68.11484866261857
803,2019-03-14,68.1626574520461
804,2019-03-15,69.10495029829343
805,2019-03-18,69.54737699800478
806,2019-03-19,69.36615664583879
807,2019-03-20,68.40499993345846
808,2019-03-21,69.8757196674766
809,2019-03-22,66.75447729140241
810,2019-03-25,66.8528900061868
811,2019-03-26,67.80854917726872
812,2019-03-27,67.59055487059888
813,2019-03-28,68.21367204518806
814,2019-03-29,69.64626661862654
815,2019-04-01,71.88273506601928
816,2019-04-02,71.3449557193144
817,2019-04-03,71.60947384738824
818,2019-04-04,72.73876277878051
819,2019-04-05,73.01250088968386
820,2019-04-08,72.44296824428372
821,2019-04-09,71.15130958738702
822,2019-04-10,71.19593907239063
823,2019-04-11,71.10024200922929
824,2019-04-12,72.92643447035461
825,2019-04-15,72.73970332385375
826,2019-04-16,73.20017258125796
827,2019-04-17,73.17900371772194
828,2019-04-18,73.9250804892123
829,2019-04-22,73.59620793566984
830,2019-04-23,74.58197776821922
831,2019-04-24,74.1795043206532
832,2019-04-25,73.26406335392569
833,2019-04-26,73.81514278741291
834,2019-04-29,73.89016112556452
835,2019-04-30,74.15142046490818
836,2019-05-01,73.04743349958561
837,2019-05-02,72.21758205991503
838,2019-05-03,73.55482399314245
839,2019-05-06,73.10399862582427
840,2019-05-07,69.89321908806235
841,2019-05-08,69.9084135112451
842,2019-05-09,68.96584248009977
843,2019-05-10,69.73911555406025
844,2019-05-13,65.5517331747801
845,2019-05-14,66.9561246694055
846,2019-05-15,67.74268458389434
847,2019-05-16,69.1986205557323
848,2019-05-17,68.52932398268942
849,2019-05-20,67.9589170302683
850,2019-05-21,69.29798706184388
851,2019-05-22,68.61484727169407
852,2019-05-23,66.67410712074584
853,2019-05-24,67.31992982606721
854,2019-05-28,65.70623412353086
855,2019-05-29,64.20486059772061
856,2019-05-30,64.49970134089021
857,2019-05-31,62.092981144985416
858,2019-06-03,62.125131858429306
859,2019-06-04,65.60049576231737
860,2019-06-05,67.00712601629345
861,2019-06-06,68.23537079279474
862,2019-06-07,70.0210668646676
863,2019-06-10,70.5551237766239
864,2019-06-11,70.45901605245996
865,2019-06-12,70.16275786516229
866,2019-06-13,70.85416384681444
867,2019-06-14,70.7377748123894
868,2019-06-17,70.89322955246735
869,2019-06-18,73.28752397539327
870,2019-06-19,73.5483858999883
871,2019-06-20,75.23838490869986
872,2019-06-21,75.00751441572169
873,2019-06-24,75.06454319476127
874,2019-06-25,73.84831353023625
875,2019-06-26,73.77099020146416
876,2019-06-27,73.70153564266322
877,2019-06-28,74.1992425073722
878,2019-07-01,74.99597619601775
879,2019-07-02,75.46566543625146
880,2019-07-03,76.68190834024789
881,2019-07-05,76.38428570740295
882,2019-07-08,75.59765955486179
883,2019-07-09,75.44403291313205
884,2019-07-10,75.96431283925115
885,2019-07-11,77.50991843531634
886,2019-07-12,79.16450794185384
887,2019-07-15,79.3485234299491
888,2019-07-16,79.18893559412
889,2019-07-17,78.40364740140072
890,2019-07-18,78.42481627171924
891,2019-07-19,77.95837257396178
892,2019-07-22,78.07843105811959
893,2019-07-23,79.2808969762788
894,2019-07-24,78.74359452862876
895,2019-07-25,77.86871618920598
896,2019-07-26,78.21780381495729
897,2019-07-29,78.4138211755574
898,2019-07-30,78.25558454580418
899,2019-07-31,75.99191979594133
900,2019-08-01,74.08705279996809
901,2019-08-02,73.41958433205588
902,2019-08-05,68.21556637480596
903,2019-08-06,70.33021447774506
904,2019-08-07,70.17795229512754
905,2019-08-08,72.69507383885015
906,2019-08-09,72.07956050237058
907,2019-08-12,69.42759670552752
908,2019-08-13,72.02849292421286
909,2019-08-14,66.59915502064652
910,2019-08-15,67.27720792371801
911,2019-08-16,69.35685718548557
912,2019-08-19,71.05098928994825
913,2019-08-20,69.87524276842174
914,2019-08-21,71.50502045419829
915,2019-08-22,71.84082123263875
916,2019-08-23,67.61300870894095
917,2019-08-26,69.44381115808974
918,2019-08-27,68.62360360850518
919,2019-08-28,70.37484396274864
920,2019-08-29,72.58696424218141
921,2019-08-30,72.8652461098385
922,2019-09-03,70.93046715298958
923,2019-09-04,72.54098355110197
924,2019-09-05,75.06868953676636
925,2019-09-06,75.53878943800265
926,2019-09-09,75.79685622666841
927,2019-09-10,76.29821928807368
928,2019-09-11,77.84198353953678
929,2019-09-12,78.14997865391274
930,2019-09-13,78.40140864205003
931,2019-09-16,77.43354889787146
932,2019-09-17,77.66402196931848
933,2019-09-18,77.91008688547936
934,2019-09-19,77.55542223412344
935,2019-09-20,76.47212724006455
936,2019-09-23,76.57332184452427
937,2019-09-24,75.60870763603947
938,2019-09-25,76.71386035309999
939,2019-09-26,76.17402770816477
940,2019-09-27,75.69335661802316
941,2019-09-30,76.34841255242792
942,2019-10-01,74.01664445662249
943,2019-10-02,70.66323337329264
944,2019-10-03,71.49354846576414
945,2019-10-04,74.02126769089993
946,2019-10-07,73.37217295059446
947,2019-10-08,71.24259536989919
948,2019-10-09,72.47681459353622
949,2019-10-10,73.49866952790639
950,2019-10-11,75.6685315510083
951,2019-10-14,75.47027542427494
952,2019-10-15,77.08072558433511
953,2019-10-16,76.92594645068633
954,2019-10-17,77.08805123076414
955,2019-10-18,75.35388638984993
956,2019-10-21,75.74348365110765
957,2019-10-22,75.47529607330102
958,2019-10-23,75.78627179150912
959,2019-10-24,75.5935132128567
960,2019-10-25,76.62805887241483
961,2019-10-28,77.52782851690469
962,2019-10-29,77.39719885062412
963,2019-10-30,78.17873810930436
964,2019-10-31,77.22607278830858
965,2019-11-01,79.26848444277141
966,2019-11-04,80.04677816575796
967,2019-11-05,80.25379062251989
968,2019-11-06,80.25331373024761
969,2019-11-07,81.48936105223278
970,2019-11-08,81.53303674590914
971,2019-11-11,81.60255753597984
972,2019-11-12,81.60255753597984
973,2019-11-13,82.22722462401913
974,2019-11-14,82.21617654284152
975,2019-11-15,83.72820073508079
976,2019-11-18,83.94069749366967
977,2019-11-19,83.24751639868524
978,2019-11-20,82.48156897793632
979,2019-11-21,82.10988179826695
980,2019-11-22,82.8514148130036
981,2019-11-25,84.14586860582952
982,2019-11-26,84.52032443570283
983,2019-11-27,84.80736263338852
984,2019-11-29,84.04372020326012
985,2019-12-02,82.22348894301662
986,2019-12-03,80.3228345203183
987,2019-12-04,81.31965243404534
988,2019-12-05,81.50962912302244
989,2019-12-06,83.79717839482689
990,2019-12-09,83.0818878844506
991,2019-12-10,82.89279875553092
992,2019-12-11,83.09342611093709
993,2019-12-12,84.59066654099617
994,2019-12-13,84.61325284866025
995,2019-12-16,85.29496195521057
996,2019-12-17,85.50704805279693
997,2019-12-18,85.31794567762331
998,2019-12-19,86.25177362499399
999,2019-12-20,86.78168418816267
1000,2019-12-23,87.43578633124031
1001,2019-12-24,87.19107262115517
1002,2019-12-26,87.90962191347911
1003,2019-12-27,88.07151474671122
1004,2019-12-30,86.82950622384419
1005,2019-12-31,87.34700425350542
1006,2020-01-02,89.58768528095558
1007,2020-01-03,88.00111964283701
1008,2020-01-06,88.46572199599237
1009,2020-01-07,87.65384687596243
1010,2020-01-08,88.74861385845547
1011,2020-01-09,90.18522230457704
1012,2020-01-10,89.28226010262671
1013,2020-01-13,89.84711652195111
1014,2020-01-14,90.0683563710972
1015,2020-01-15,90.68251850150088
1016,2020-01-16,92.49629842911881
1017,2020-01-17,92.83853730071337
1018,2020-01-21,91.80718419861573
1019,2020-01-22,91.74092219049273
1020,2020-01-23,91.56335804180551
1021,2020-01-24,90.40789283732263
1022,2020-01-27,87.32910741817108
1023,2020-01-28,88.59776910640102
1024,2020-01-29,88.67644364803147
1025,2020-01-30,89.52419192303644
1026,2020-01-31,85.43155282237298
1027,2020-02-03,86.4067514660171
1028,2020-02-04,89.17279929988213
1029,2020-02-05,92.45023825373316
1030,2020-02-06,93.0533390567053
1031,2020-02-07,91.17282023547459
1032,2020-02-10,92.35508432767895
1033,2020-02-11,92.35182553894876
1034,2020-02-12,94.21756059799937
1035,2020-02-13,93.3486566989298
1036,2020-02-14,93.17753063661422
1037,2020-02-18,92.05237480097313
1038,2020-02-19,92.83806040844108
1039,2020-02-20,91.96956717037406
1040,2020-02-21,90.42606785755504
1041,2020-02-24,83.42916065810775
1042,2020-02-25,77.46433515898559
1043,2020-02-26,76.62486632173687
1044,2020-02-27,68.54723406427776
1045,2020-02-28,66.12396823233189
1046,2020-03-02,74.90027913285641
1047,2020-03-03,69.56983083634685
1048,2020-03-04,77.52876906197794
1049,2020-03-05,70.95257656838135
1050,2020-03-06,69.21286118758788
1051,2020-03-09,55.5545031441834
1052,2020-03-10,63.470653229413024
1053,2020-03-11,53.534677797384674
1054,2020-03-12,37.578119815746724
1055,2020-03-13,51.04141428309579
1056,2020-03-16,30.71353791160613
1057,2020-03-17,37.82745676010928
1058,2020-03-18,28.7493238997189
1059,2020-03-19,30.02626502570513
1060,2020-03-20,23.832410384989444
1061,2020-03-23,19.884641589244612
1062,2020-03-24,34.21596564185974
1063,2020-03-25,37.57765616294584
1064,2020-03-26,46.74503475387196
1065,2020-03-27,40.53638309793964
1066,2020-03-30,45.221074920397605
1067,2020-03-31,42.4380707894889
1068,2020-04-01,35.83427133920211
1069,2020-04-02,39.0215770092425
1070,2020-04-03,36.57369806391008
1071,2020-04-06,47.61197807848882
1072,2020-04-07,47.43474510649799
1073,2020-04-08,52.723147100305
1074,2020-04-09,54.66158225385021
1075,2020-04-13,52.432850107106624
1076,2020-04-14,56.224210378228854
1077,2020-04-15,53.20320881528722
1078,2020-04-16,53.42927061286756
1079,2020-04-17,58.20965949170437
1080,2020-04-20,54.19406553491495
1081,2020-04-21,49.91050920020113
1082,2020-04-22,53.00970840571836
1083,2020-04-23,53.277207130841866
1084,2020-04-24,55.040727549270706
1085,2020-04-27,57.47232581077115
1086,2020-04-28,57.253735381978366
1087,2020-04-29,60.86412699332474
1088,2020-04-30,58.90982181016761
1089,2020-05-01,54.690884839566486
1090,2020-05-04,54.86770715733724
1091,2020-05-05,55.772020558580884
1092,2020-05-06,54.29038521270713
1093,2020-05-07,55.72319173977387
1094,2020-05-08,58.812150933082144
1095,2020-05-11,58.07061791156297
1096,2020-05-12,54.969577368226176
1097,2020-05-13,51.46431475649889
1098,2020-05-14,54.023827032656854
1099,2020-05-15,54.431321129248964
1100,2020-05-18,60.61663139356429
1101,2020-05-19,57.9679926167212
1102,2020-05-20,60.47101925094671
1103,2020-05-21,59.78068628368985
1104,2020-05-22,59.71992182364777
1105,2020-05-26,63.31431093606018
1106,2020-05-27,67.06612860247466
1107,2020-05-28,66.06483317004614
1108,2020-05-29,65.94592718458986
1109,2020-06-01,66.56930929782311
1110,2020-06-02,68.38451991582303
1111,2020-06-03,71.96053529384623
1112,2020-06-04,72.0414485948274
1113,2020-06-05,77.66524070607225
1114,2020-06-08,80.79509369659904
1115,2020-06-09,78.75939832018844
1116,2020-06-10,76.84462248870257
1117,2020-06-11,64.21679623895567
1118,2020-06-12,67.45456012555942
1119,2020-06-15,68.5236277272342
1120,2020-06-16,72.09679498431227
1121,2020-06-17,70.94125029552316
1122,2020-06-18,70.6732746713448
1123,2020-06-19,69.25817952527457
1124,2020-06-22,70.29929574730889
1125,2020-06-23,71.18874589528359
1126,2020-06-24,66.3720732004692
1127,2020-06-25,68.40452303440361
1128,2020-06-26,63.45295510145297
1129,2020-06-29,67.38851007106467
1130,2020-06-30,68.86085919605667
1131,2020-07-01,68.33243230828582
1132,2020-07-02,68.95905996399533
1133,2020-07-06,72.07677861269525
1134,2020-07-07,69.38513974860491
1135,2020-07-08,70.58632069874061
1136,2020-07-09,68.13654741700775
1137,2020-07-10,70.64072654315228
1138,2020-07-13,70.71194296224908
1139,2020-07-14,74.4883737488326
1140,2020-07-15,76.03146239386656
1141,2020-07-16,75.11318655244791
1142,2020-07-17,74.68750418258693
1143,2020-07-20,74.74800369720245
1144,2020-07-21,75.83002696949175
1145,2020-07-22,76.95212272377697
1146,2020-07-23,74.55443704279881
1147,2020-07-24,73.3170385147378
1148,2020-07-27,74.09620654474534
1149,2020-07-28,72.7024657233315
1150,2020-07-29,73.78964212075142
1151,2020-07-30,72.25733661146853
1152,2020-07-31,73.03508720413049
1153,2020-08-03,74.63630413510715
1154,2020-08-04,75.74911366851059
1155,2020-08-05,78.27932335216978
1156,2020-08-06,79.53721515090264
1157,2020-08-07,79.85260214975995
1158,2020-08-10,82.28046472347532
1159,2020-08-11,81.5714930831852
1160,2020-08-12,83.53794586120564
1161,2020-08-13,82.99453649709778
1162,2020-08-14,83.22716885037185
1163,2020-08-17,82.64313062768956
1164,2020-08-18,82.18978831612259
1165,2020-08-19,81.61198947243759
1166,2020-08-20,81.92974770675018
1167,2020-08-21,83.22249262429605
1168,2020-08-24,85.78717127183863
1169,2020-08-25,85.38007458321259
1170,2020-08-26,85.9462822086129
1171,2020-08-27,87.03385601399889
1172,2020-08-28,88.12990797129801
1173,2020-08-31,86.61185634012466
1174,2020-09-01,88.07423039833428
1175,2020-09-02,91.15918896521342
1176,2020-09-03,85.68047911251544
1177,2020-09-04,84.59921092417905
1178,2020-09-08,80.30981261843397
1179,2020-09-09,83.29127157666781
1180,2020-09-10,80.53831187595681
1181,2020-09-11,81.42723214664342
1182,2020-09-14,83.6497911388769
1183,2020-09-15,83.66518426943398
1184,2020-09-16,83.91465368990107
1185,2020-09-17,83.0302109446985
1186,2020-09-18,81.37147509615599
1187,2020-09-21,77.9142862192828
1188,2020-09-22,78.86709726263713
1189,2020-09-23,75.30594512431784
1190,2020-09-24,75.66072900552439
1191,2020-09-25,78.09240675133107
1192,2020-09-28,80.87391395380551
1193,2020-09-29,79.9826886857159
1194,2020-09-30,82.21440142950915
1195,2020-10-01,82.45315394549499
1196,2020-10-02,81.54368741912073
1197,2020-10-05,84.70318742509663
1198,2020-10-06,82.15376944557164
1199,2020-10-07,85.75325869131633
1200,2020-10-08,86.58105683275656
1201,2020-10-09,87.6756913459276
1202,2020-10-12,89.37551969906299
1203,2020-10-13,88.30585597526533
1204,2020-10-14,87.18124326994881
1205,2020-10-15,87.04694415393543
1206,2020-10-16,87.80734104158766
1207,2020-10-19,85.02046876035436
1208,2020-10-20,85.7893967849354
1209,2020-10-21,85.12492216032678
1210,2020-10-22,86.16156085687712
1211,2020-10-23,85.9710410443579
1212,2020-10-26,81.56112060165417
1213,2020-10-27,80.05410381218701
1214,2020-10-28,73.65656173470933
1215,2020-10-29,74.60041773387822
1216,2020-10-30,73.53210520937381
1217,2020-11-02,76.40416960291542
1218,2020-11-03,80.16832032531363
1219,2020-11-04,82.66178254697681
1220,2020-11-05,86.3414300097498
1221,2020-11-06,85.88849835240293
1222,2020-11-09,91.5489849338454
1223,2020-11-10,93.33244224636759
1224,2020-11-11,93.1744838015123
1225,2020-11-12,91.02129988377355
1226,2020-11-13,93.73186885883169
1227,2020-11-16,96.92391699300005
1228,2020-11-17,95.79062743517868
1229,2020-11-18,93.45113627819559
1230,2020-11-19,93.75506453487264
1231,2020-11-20,92.264606620918
1232,2020-11-23,94.4878412127982
1233,2020-11-24,97.57368733295222
1234,2020-11-25,96.3950926904806
1235,2020-11-27,96.65213945654943
1236,2020-11-30,94.80913642073895
1237,2020-12-01,96.06579623646415
1238,2020-12-02,96.47185964945669
1239,2020-12-03,97.0533279293094
1240,2020-12-04,98.74041257902357
1241,2020-12-07,97.73340764488586
1242,2020-12-08,98.43941192759779
1243,2020-12-09,97.72677084435742
1244,2020-12-10,97.25504155214728
1245,2020-12-11,97.57456164675571
1246,2020-12-14,96.32102814365622
1247,2020-12-15,98.6118891959892
1248,2020-12-16,98.30822588473869
1249,2020-12-17,99.31766828560144
1250,2020-12-18,98.47447700682163
1251,2020-12-21,98.72813251483817
1252,2020-12-22,97.36525743884472
1253,2020-12-23,98.14063679605131
1254,2020-12-24,98.61567786879006
1255,2020-12-28,100.0
